alias,canonical_name
antoine dupont,Antoine Dupont
dupont antoine,Antoine Dupont
A. Dupont,Antoine Dupont
romain ntamack,Romain Ntamack
ntamack romain,Romain Ntamack
R. Ntamack,Romain Ntamack
damian penaud,Damian Penaud
penaud damian,Damian Penaud
D. Penaud,Damian Penaud
julien marchand,Julien Marchand
marchand julien,Julien Marchand
J. Marchand,Julien Marchand
gregory alldritt,Gregory Alldritt
alldritt gregory,Gregory Alldritt
G. Alldritt,Gregory Alldritt
uini atonio,Uini Atonio
atonio uini,Uini Atonio
U. Atonio,Uini Atonio
gabin villiere,Gabin Villiere
villiere gabin,Gabin Villiere
G. Villiere,Gabin Villiere
baptiste serin,Baptiste Serin
serin baptiste,Baptiste Serin
B. Serin,Baptiste Serin
francois cros,Francois Cros
cros francois,Francois Cros
F. Cros,Francois Cros
thomas ramos,Thomas Ramos
ramos thomas,Thomas Ramos
T. Ramos,Thomas Ramos
paul willemse,Paul Willemse
willemse paul,Paul Willemse
P. Willemse,Paul Willemse
christophe samson,Christophe Samson
charles ollivon,Charles Ollivon
ollivon charles,Charles Ollivon
C. Ollivon,Charles Ollivon
gael fickou,Gael Fickou
fickou gael,Gael Fickou
G. Fickou,Gael Fickou
jonathan danty,Jonathan Danty
danty jonathan,Jonathan Danty
J. Danty,Jonathan Danty
peceli yato,Peceli Yato
yato peceli,Peceli Yato
P. Yato,Peceli Yato
maxime lucu,Maxime Lucu
lucu maxime,Maxime Lucu
M. Lucu,Maxime Lucu
matthieu jalibert,Matthieu Jalibert
jalibert matthieu,Matthieu Jalibert
M. Jalibert,Matthieu Jalibert
cameron woki,Cameron Woki
woki cameron,Cameron Woki
C. Woki,Cameron Woki
louis carbonel,Louis Carbonel
carbonel louis,Louis Carbonel
L. Carbonel,Louis Carbonel
cobus reinach,Cobus Reinach
reinach cobus,Cobus Reinach
C. Reinach,Cobus Reinach
